,p1_amplitude,p1_center,p1_half_width,r2_score,fwhm,height,auc
0,104913.78638692136,813.6303218121659,22.481007229110894,0.9951014812745705,52.93872645559601,1861.7735744753154,104913.78630233227
1,148277.66680591262,813.4866965638813,22.44301011391834,0.9952612889575778,52.849250087087235,2635.7529684250912,148277.66669805764
2,150133.0488910272,813.5068000964418,22.448441414120726,0.9953458089222215,52.862039821674394,2668.0881662693446,150133.04878021235
3,150794.91216121044,813.5883715408401,22.430787661481865,0.9952378121785838,52.82046841109039,2681.959592254137,150794.91205068125
4,150832.1019652953,813.5790597174547,22.442391590980083,0.9952766027264018,52.84779357687392,2681.2339706237385,150832.10185286237
5,151105.99865221753,813.6522607980766,22.4958869173943,0.9949521076911046,52.97376544382959,2679.715269996299,151105.99852658334
6,150902.03836697683,813.6831362369152,22.45470219188174,0.9952808254557035,52.87678282664351,2681.006534351248,150902.03824881135
7,150414.68400576265,813.6328090563601,22.460939714484216,0.9952496904090924,52.89147106989916,2671.6058101711455,150414.6838883888
8,150033.20164164217,813.711139481482,22.451408116184986,0.9952065162311629,52.86902587116295,2665.9614082600083,150033.20152389418
9,149528.7961620359,813.695114244991,22.424305461820563,0.9953146427565986,52.80520399739206,2660.209879326203,149528.79605036927
10,149121.49634779425,813.7202700431728,22.437693636861642,0.9953074756438917,52.836730740345175,2651.380786843827,149121.49623311893
11,149073.0892169965,813.7583376594807,22.492400727490672,0.9952498585350833,52.96555609396374,2644.0733863516602,149073.08909012168
12,148334.42474510794,813.7594820394827,22.427415832464735,0.9951299038572373,52.81252836053243,2638.595284980928,148334.42463175734
13,148304.29289696552,813.7390404917068,22.46581798582956,0.9953455015095687,52.90295852104828,2633.5499040789873,148304.29277682965
14,147856.7803481458,813.7597574943924,22.42457939591219,0.9953712130690099,52.80584906288204,2630.4315493942213,147856.78023568567
15,147134.43766786542,813.7566572526437,22.41568759269256,0.9953891453684162,52.78491046642399,2618.6191186897204,147134.43755770026
16,146879.10064201482,813.7749412770003,22.462446122397946,0.9954483405003097,52.89501838945041,2608.6332287296573,146879.1005225228
17,146787.33250374632,813.7813777244241,22.431662801612184,0.995580024262035,52.82252920861147,2610.581020274572,146787.33239009464
18,146646.50533241784,813.7791095886531,22.434377348519007,0.9955192175064324,52.82892147808084,2607.7608636674604,146646.5052184313
19,146189.80794154183,813.8000307153895,22.45234579321497,0.9953019715273839,52.871233931828925,2597.559109804495,146189.80782378008
20,146211.3935946094,813.7999169321274,22.43183441317475,0.9952823895671825,52.82293332295897,2600.31817759168,146211.3934807901
21,146135.73041149214,813.7691354249589,22.445654370203098,0.995294916311607,52.855476834790785,2597.372327709159,146135.73029606533
22,145954.4581378907,813.7896912808677,22.46818722703489,0.995442063972575,52.9085376577301,2591.548831951308,145954.45801752523
23,145812.06999354347,813.7854368916782,22.430365018790944,0.9951883276146016,52.81947316360992,2593.386227310406,145812.0698807648
24,145569.73338401288,813.7643669690985,22.47862012893894,0.9952994411195275,52.9331052642616,2583.518074531737,145569.73326271627
25,145461.22990873232,813.7520881361858,22.46053875030359,0.9952856501575754,52.890526871409286,2583.6706507764593,145461.22979150864
26,145260.14673541396,813.7350053032812,22.462060874702406,0.9954808876780603,52.894111200454645,2579.924189206461,145260.14661860667
27,144846.57913394226,813.7579735388672,22.40114847568802,0.9955272217516313,52.75067346226465,2579.5741968656675,144846.5790280596
28,144977.48480895284,813.748503193636,22.466980529296322,0.9954729683863477,52.90569610170703,2574.3400774807733,144977.48469097778
29,144875.08874993547,813.7634153819998,22.45383403701184,0.9952322557057119,52.87473847815369,2574.0280338756265,144875.08863411812
30,144456.9558767891,813.7619854007368,22.452026095490716,0.9952992190332911,52.8704811012195,2566.805648284448,144456.9557616984
31,144375.37381300097,813.7320391468338,22.433189419330045,0.9954828105672221,52.826124118614594,2567.510120212234,144375.37370244827
32,144492.98332632583,813.7639732368342,22.488191858916508,0.9952870487438908,52.9556449658784,2563.316812300976,144492.9832040141
33,144188.13655131156,813.7626204583967,22.460548561134615,0.995334154051947,52.89054997415084,2561.0569504143755,144188.13643477432
34,143879.87206214378,813.7698755284606,22.468692610026782,0.995329298319507,52.909727743729825,2554.6552823782486,143879.87194403555
35,144003.64619433932,813.7482049609727,22.481453535918774,0.995307301274558,52.939777427813446,2555.4016294855637,144003.64607431708
36,143566.82384337272,813.7493858443095,22.483667886657503,0.9955988429035376,52.94499182531973,2547.39913357529,143566.82372323537
37,143173.8437680835,813.7633479854226,22.44315976200338,0.9955105814470575,52.84960248139759,2545.011501605916,143173.84365564486
38,143227.45766590015,813.747628381582,22.45266925514357,0.9955312395493192,52.87199562646219,2544.8862194522403,143227.45755211802
39,143396.6963479565,813.7587403776176,22.45917806298071,0.9953015589004197,52.88732269762634,2547.154881744289,143396.6962324463
40,143104.35997643304,813.7777497632514,22.4219192646873,0.9954274600311146,52.79958493255126,2546.1861239639024,143104.35986753012
41,143050.18113262556,813.7358049407808,22.432329481694588,0.99547858823753,52.82409912023314,2544.0409797590287,143050.18102313092
42,142826.90336211465,813.7624649847767,22.46225895221548,0.995380755981756,52.894577637352896,2536.6856757893934,142826.90324635385
43,142865.70580028743,813.6927475578127,22.46575402419729,0.9954905835729417,52.902807902914496,2536.980080959616,142865.7056860356
44,142702.99316335644,813.7551154263014,22.4364579723123,0.9954319762909515,52.833820972695456,2537.3995121223784,142702.99305278435
45,142342.49005423585,813.7299305608542,22.44482129752985,0.9953165083435429,52.85351509856085,2530.04632237837,142342.48994316888
46,142289.71135324673,813.7573619709947,22.426344642932833,0.9955702006927878,52.81000590195068,2531.1919008082414,142289.71124477315
47,142317.40129570995,813.7460269785103,22.460621566552692,0.9954418310427978,52.890721888772724,2527.8208995901136,142317.40118119537
48,142106.4372258815,813.742407387449,22.446954987496277,0.9954706061097933,52.858539554463675,2525.610540859361,142106.43711422005
49,142025.51684555353,813.7676769926535,22.44771467976242,0.9954076142531636,52.86032849304004,2524.0869448790095,142025.5167330329
50,141924.79721540224,813.7351246451235,22.462433926167446,0.9954996886941296,52.894989669522346,2520.6441311181625,141924.7971012024
51,141869.2811300887,813.7610109202616,22.45068033382042,0.9953760585553243,52.86731207466244,2520.9772573211967,141869.28101734282
52,141744.9058906661,813.7075753947496,22.471207680659774,0.9954322944135254,52.91565028247106,2516.4662618457232,141744.9057758101
53,141990.43406913293,813.713943399972,22.471672212418618,0.9955004109584575,52.91674417116834,2520.7731328256314,141990.43395378714
54,141906.18614806345,813.7205986519754,22.46202221186283,0.9956034634220318,52.894020156425015,2520.35978644345,141906.1860344125
55,141588.14206342862,813.720913394962,22.474061787935042,0.9954990703889408,52.92237119149353,2513.363930631794,141588.1419477304
56,141261.42011571894,813.7140826935525,22.436583865749125,0.9954322289860601,52.834117429084024,2511.7528323792403,141261.42000747417
57,141425.9686292375,813.728119277789,22.45992842948334,0.9955044968186815,52.88908967570786,2512.064925321197,141425.96851613084
58,141151.85348418777,813.7243145642394,22.43806531271969,0.9954374879485077,52.83760597010596,2509.6389339748002,141151.85337545248
59,141016.6145558248,813.7254152027259,22.415797304730674,0.9955224811077797,52.785168818530515,2509.7251291399716,141016.61445112954
60,141031.02549468458,813.708507110048,22.45700961130615,0.9955299576206934,52.882216384156415,2505.3753768656675,141031.02538304534
61,141397.0405834922,813.7167193007438,22.474276160703614,0.9952593533265008,52.922876000786076,2509.9477023880386,141397.04046804234
62,141052.44126372843,813.7337288151161,22.449869059292514,0.995451123795791,52.865401669142116,2506.5528188748513,141052.44115262208
63,140962.04367861466,813.712429360333,22.45381456142084,0.9954202232203715,52.87469261664161,2504.506261123873,140962.043567502
64,140843.59356483855,813.6749665247193,22.4654457148412,0.9954575638479597,52.9020818898627,2501.1061480774374,140843.59345281168
65,141060.03964136785,813.7033018989954,22.477873943572444,0.9953945281172842,52.931348132003265,2503.5647957326314,141060.03952593004
66,140505.51130583437,813.6917520015576,22.430959172752118,0.9957078848995633,52.82087228926753,2498.9385722483785,140505.51119983126
67,140559.2267166852,813.6941829298642,22.443254219717236,0.9953257276513938,52.84982491231558,2498.524406881796,140559.2266083697
68,140576.121222224,813.7283999136865,22.474271241612367,0.9954941218277429,52.92286441721141,2495.3760576914183,140576.1211070758
69,140385.0340113378,813.7139700616924,22.46048403842364,0.9955486503159896,52.890398034777675,2493.513742041619,140385.03389939704
70,140241.5690667636,813.6802229674818,22.47213727535014,0.9954396696959387,52.91783931068169,2489.6737984926694,140241.56895380397
71,140358.72616989576,813.6841594796357,22.478089996873265,0.9952667094562802,52.931856898646835,2491.093785114636,140358.72605559434
72,140522.23393277192,813.7431717325506,22.471416904588306,0.9952298538953755,52.91614296717187,2494.736343964007,140522.23381774544
73,140297.8500863995,813.7011914691362,22.503980375501044,0.9953256439547329,52.992824081212966,2487.148642816055,140297.84996657778
74,140014.98703398323,813.7189844298053,22.511076593378323,0.9953460954619493,53.00953439731429,2481.351701950364,140014.98691239924
75,139868.21118381887,813.6811956932681,22.461000102771724,0.9953338370825271,52.89161327344907,2484.276874138661,139868.21107319812
76,140230.80246104518,813.6753532815095,22.523394288238727,0.9954107334329845,53.03854035208015,2483.8172879451417,140230.8023382488
77,139860.350541998,813.671290627219,22.482447140376266,0.9954476585559631,52.942117187506774,2481.7675244419424,139860.35042768097
78,139749.5965742012,813.7071024951737,22.50905133122427,0.9952522865173072,53.00476526939749,2476.8712782290195,139749.59645364693
79,139744.22176295993,813.693441458061,22.503515650917326,0.9951384576342598,52.99172973844781,2477.3852836086166,139744.2216439563
80,139534.08850528125,813.686713429483,22.441208652222784,0.9952581005804306,52.845007968976184,2480.5280466263375,139534.08839834286
81,139361.56772892046,813.6952887655899,22.446799553677526,0.9951483626307401,52.85817353579161,2476.8440372598943,139361.56762085808
82,139486.42576412339,813.705947058915,22.46973873398165,0.995483545751704,52.91219117738834,2476.532256925083,139486.42565142357
83,139477.67389098214,813.6897379083562,22.461359620875527,0.9954242745713389,52.89245987388645,2477.30067219265,139477.67378034408
84,139570.2505105438,813.674143354018,22.478593310161234,0.995259148565618,52.933042110866275,2477.044414950367,139570.25039710253
85,139209.52721019855,813.6730012654051,22.440952149265172,0.9953594747226006,52.84440395066999,2474.7865362147945,139209.52710395752
86,139351.55159159738,813.665230744553,22.452186012857556,0.9954977956595219,52.87085767784048,2476.0718505357795,139351.55148346853
87,139184.47800367346,813.712952633561,22.46660442400791,0.9955593874669111,52.90481044143483,2471.5160334568673,139184.47789158594
88,139157.87893712497,813.6916402284868,22.454927719635702,0.9953683191181755,52.87731390391926,2472.328668885326,139157.87882785904
89,138841.56428460253,813.6818066054742,22.45185657854073,0.9954222233108966,52.8700819193077,2467.046325386848,138841.56417643512
90,138730.09206145103,813.6422179304492,22.39057667449585,0.9955227018747184,52.725778772905244,2471.812141861332,138730.0919649685
91,138898.8329904589,813.6887266652792,22.472506240782792,0.9955736755499017,52.91870815787843,2465.796052500338,138898.83287824978
92,138810.76587420178,813.6947364404733,22.466529149108137,0.9954201918109998,52.90463318259196,2464.8882395045775,138810.76576298862
93,138684.32035447896,813.696165340493,22.473955421444803,0.9955732515329755,52.9221207175502,2461.829169837421,138684.3202419428
94,138850.82986935755,813.6663314119529,22.495309800039568,0.9952718475326734,52.97240643631433,2462.4451583954374,138850.82975357622
95,138647.01047354518,813.6787456996942,22.475432462526154,0.9952138102894628,52.9255988834959,2461.005127326505,138647.0103613024
96,138429.62216730777,813.6433676432968,22.465333708183877,0.9952636699793488,52.901818134340864,2458.25100396423,138429.62205817585
97,138239.43629842694,813.6765978670761,22.438645765579174,0.995406965240945,52.83897283213467,2457.7934218696173,138239.4361932272
98,138293.26068202365,813.6565891112075,22.446681246477578,0.9953772235628275,52.857894943625695,2457.8701935856984,138293.26057594974
99,138240.294238655,813.6621498092921,22.453263658076565,0.9953996897730769,52.87339533840363,2456.2085524300314,138240.2941312869
100,138310.56237094692,813.6830982293825,22.473357640848963,0.9952251385315682,52.920713051820584,2455.2597808337878,138310.5622592281
101,138328.99825208724,813.6622016852905,22.427674487387545,0.9954334814767529,52.813137446329414,2460.5888603995722,138328.99814914184
102,138280.0541721475,813.6564056708096,22.474947784886208,0.9953074418629675,52.924457554873975,2454.544529912886,138280.05406097774
103,138134.56023311484,813.6741689738013,22.485665253461917,0.9954435939027652,52.94969526470805,2450.7932427377687,138134.56011951386
104,137978.28433329434,813.6577225237529,22.465559802760907,0.9953370324774328,52.90235054638293,2450.211429453759,137978.28422404604
105,137743.94411854408,813.6757190029947,22.451458826113413,0.9954422648754168,52.86914528391889,2447.586306250383,137743.94401148282
106,138262.95532275294,813.6697120145767,22.491320873323954,0.9952272502759612,52.963013231726244,2452.454393504396,138262.95520811525
107,137826.76115690614,813.6161006836305,22.456945257836125,0.995349802695741,52.88206484331523,2448.459564067081,137826.7610505597
108,137556.80619340477,813.6513591786073,22.43835942782244,0.995519091706029,52.83829855824547,2445.6879801778114,137556.80608950136
109,137653.6846543146,813.6620495805928,22.416963338827085,0.9955375067501047,52.78791461899394,2449.7463832014864,137653.68455369593
110,137598.45709114775,813.6531221245384,22.45182514266334,0.9954680745846167,52.870007893473485,2444.961240471758,137598.45698479927
111,137921.4088106887,813.6220600039661,22.495350916707284,0.9952234465129641,52.97250325866766,2445.9579026281867,137921.40869706555
112,137480.32186008999,813.6385548565728,22.423929878110126,0.9953938930505403,52.80431956534214,2445.901026774424,137480.3217590778
113,137379.11227572936,813.6706269898043,22.426652925929222,0.9955039719455387,52.810731852930125,2443.8036523692754,137379.1121734274
114,137378.90703652776,813.675243958193,22.4401633341779,0.9954255929001036,52.84254643309066,2442.3286780954554,137378.90693175688
115,137652.98481373634,813.6518938654483,22.445388017955143,0.9953708331191028,52.85484962317826,2446.631602970113,137652.98470851753
116,137530.99615397293,813.664955150749,22.4642949519411,0.9954115206418696,52.89937205031847,2442.4060202613073,137530.99604509096
117,137444.318447315,813.6487109580204,22.481787771271776,0.9955129647202011,52.94056449192245,2438.9675050513442,137444.3183357907
118,137351.11160092603,813.6625316495044,22.4739794106826,0.9954190918988572,52.922177207888225,2438.160357648954,137351.11149049457
119,137372.6964540196,813.6204270183458,22.466268114963675,0.9952645002895546,52.90401849415614,2439.3805196225844,137372.69634623599
120,137576.85648027714,813.6179136751405,22.53389027901786,0.9951869548620639,53.06325652155931,2435.67462941843,137576.8563596138
121,137116.9207060807,813.6631710485294,22.434126694871065,0.9953847549964382,52.828331233846306,2438.327008316855,137116.9206029032
122,136966.36749609417,813.6314568911072,22.40406595943757,0.995332020583538,52.757543611479136,2438.9177877855254,136966.3673989458
123,137349.2681060533,813.6478511040619,22.472960777512654,0.9954146829563971,52.91977851008111,2438.2381463739384,137349.26799625493
124,137114.8779909405,813.6101092117368,22.411359897895935,0.9955420517641652,52.774719523968116,2440.7676442608713,137114.87789306985
125,137249.99384828177,813.6466390428344,22.44997783098288,0.9954322906084168,52.86565780689892,2438.97013810632,137249.99374271787
126,136887.0135705475,813.6392744444903,22.421009920867434,0.9954211227095185,52.79744359149641,2435.6626906600695,136887.0134704417
127,136858.93628937937,813.6504640970368,22.438040116949416,0.9953947719941812,52.83754663860107,2433.314846217613,136858.93618608377
128,136900.01585605356,813.6342302398135,22.43277853693602,0.9952778474290452,52.825156564516995,2434.6161320445112,136900.01575408984
129,136921.54942707293,813.659448237393,22.45929724145437,0.9953816297908102,52.887603341485054,2432.123969743443,136921.54931973465
130,136615.46887752804,813.6577560203519,22.416634960548635,0.9955169587778666,52.78714134724149,2431.305447406817,136615.46877784168
131,136951.6779703109,813.6213317902175,22.45964865359965,0.9952113298831189,52.88843085384883,2432.6210777799456,136951.67786400928
132,136756.75034029837,813.62146604726,22.419094161495128,0.9952895681723317,52.79293232292505,2433.552821003432,136756.75024109826
133,136546.15549556038,813.6278253889675,22.42031333707033,0.9954730301953468,52.795803262007944,2429.6732090438136,136546.15539613576
134,136674.8470217148,813.6404854465507,22.480256739240424,0.995551488697514,52.936959187005435,2425.478310894158,136674.84691134669
135,136738.8708060949,813.6288208522063,22.44369230514484,0.9954250400873433,52.85085652466194,2430.5678494084286,136738.87070253203
136,136711.2634242644,813.6404626920237,22.47167028618314,0.9951842084185277,52.91673963523043,2427.0515939605634,136711.263315432
137,136867.75291393293,813.6334961458454,22.44913140596066,0.9953495601290631,52.86366462828998,2432.2693147230766,136867.7528091921
138,136424.34589723073,813.6401320359192,22.441238893137392,0.9955036047684359,52.845079180888085,2425.242203145859,136424.34579400657
139,136327.68805123828,813.6083942863395,22.44884715439277,0.9954264909616873,52.86299526700008,2422.702528061615,136327.68794768024
140,136557.55901465076,813.6735575453768,22.443965294443995,0.9953160714691109,52.85149936533567,2427.315462515181,136557.55890989216
141,136518.6516422748,813.6520213606256,22.463941795487838,0.9953428709508501,52.898540430423296,2424.4659596846664,136518.65153464212
142,136204.75265360094,813.6231285117874,22.408466143860643,0.995403258298537,52.76790525396042,2424.879698427188,136204.75255650116
143,136285.20957841814,813.60766235695,22.452828328088405,0.9951872061816485,52.87237021462131,2421.518193598119,136285.20947422343
144,136085.94607481576,813.6257316722468,22.432276563737474,0.9955342635039953,52.82397450796699,2420.1929529272884,136085.945973781
145,136328.20655145549,813.6600003950614,22.463916128308664,0.9953466327821631,52.89847998883528,2421.0865680778365,136328.20644374096
146,135755.86523872556,813.6514896379914,22.417230968256302,0.9953748099013074,52.7885448381385,2415.943098989243,135755.86513973933
147,136126.1742782661,813.6309477485487,22.458220935410175,0.9953938341134458,52.8850688344376,2418.1116814675456,136126.17417257634
148,136107.64886722827,813.6414314908571,22.456652668283564,0.995425984433151,52.88137584757189,2417.9514472278556,136107.6487615235
149,136020.96948579059,813.6404003455937,22.418592061108384,0.9951993501676852,52.79174996686973,2420.5139912962104,136020.96938668922
150,135924.69591246333,813.6400672796418,22.429844715335292,0.995551495993832,52.81824794260305,2417.5873189668146,135924.69581155878
151,135618.82895867407,813.6426235982987,22.377639726575893,0.9954283903724979,52.695314588621805,2417.7744190729272,135618.82886637567
152,135986.92030880108,813.6426579912514,22.45764518654763,0.9954734389268948,52.883713049475176,2415.699938355865,135986.92020297953
153,135848.42732553702,813.628156875825,22.436615858751157,0.9954710760489635,52.83419276684651,2415.501594687222,135848.42722387624
154,135536.3358258373,813.6285987195785,22.400934189864426,0.9954492533825607,52.75016885771188,2413.791069306346,135536.33573028297
155,135691.0883328601,813.651957055562,22.4224336799435,0.995335577663488,52.80079628790802,2414.230006535127,135691.08823304257
156,135662.03212469217,813.6158247180753,22.435496679625132,0.9953256218170149,52.83155730140657,2412.307658375469,135662.0320237053
157,135566.2284296671,813.6343529481059,22.447151815109926,0.9954497502985271,52.85900304807371,2409.352454182975,135566.2283262399
158,135139.03703521795,813.6497579867433,22.410394068607868,0.9955741871762304,52.7724451698005,2405.6995803390873,135139.0369378505
159,135139.45430341983,813.6522524251465,22.38427569783084,0.9954801492632895,52.71094110675121,2408.514030107124,135139.45421016583
160,135208.94227710736,813.6614270186257,22.407842243155503,0.9954863897427711,52.76643608007385,2407.2181148620452,135208.94217979148
161,135357.9395591021,813.6349249054298,22.38548512873886,0.9952695908028975,52.71378909889649,2412.277632921226,135357.9394659561
162,135087.9234315293,813.6432454151541,22.377702039524635,0.9955928701139053,52.695461324402565,2408.302878163323,135087.9233395667
163,134946.78906559607,813.6570065176916,22.384872492126487,0.9954227474641657,52.712346449921355,2405.016145685706,134946.78897225842
164,135300.15304186844,813.6631575422539,22.436333502716572,0.9954301290995685,52.83352786919644,2405.7830833478365,135300.15293968236
165,134897.95440054746,813.6516893638922,22.392794146138574,0.9953632475408533,52.731000519578814,2403.295327900071,134897.95430613213
166,135185.48474483023,813.632091739911,22.41386061645445,0.9954977953407341,52.78060826615669,2406.1542312654396,135185.48464733973
167,135115.8730148951,813.6263736009464,22.440708652714367,0.9954254956734931,52.84383056011126,2402.0379807601416,135115.87291313885
168,134828.31387178166,813.626620633745,22.393671253080036,0.9955275981344589,52.73306594858621,2401.960553533203,134828.31377793069
169,134856.33437674874,813.6456170757486,22.36401113576697,0.9954161853260758,52.66322170979942,2405.645983461151,134856.3342869786
170,134872.38585672053,813.6275856733785,22.396231403335417,0.9954538233346687,52.73909464172587,2402.4710321955677,134872.38576240887
171,134813.11743687378,813.6329176956035,22.384143349892426,0.9955001745787254,52.710629451172906,2402.712118913903,134813.11734436342
172,135043.83455335823,813.642785174745,22.43388224970264,0.9953977099672313,52.827755609463786,2401.487834838958,135043.83445235275
173,134873.6626294413,813.6422832336948,22.395376774214462,0.9954520666415282,52.737082143940775,2402.5854567195656,134873.66253487946
174,134615.49953792055,813.6443694558413,22.38522784844047,0.9953506263618174,52.71318325009265,2399.073832379038,134615.49944508253
175,134553.6059590766,813.633310443724,22.40845063426283,0.9955048817026937,52.767868731648605,2395.4856707261015,134553.6058628855
176,134467.27366309968,813.682437226184,22.384251179011752,0.9955927698609506,52.710883369344536,2396.536759952891,134467.27356953287
177,134558.20478738798,813.6685113337622,22.43232720510838,0.9954258687009109,52.824093759282306,2393.017745050505,134558.20468629082
178,134447.75518569062,813.628569258291,22.390608587447634,0.9953548943867604,52.7258539221638,2395.5085382852108,134447.75509253473
179,134799.15334186418,813.6517749493471,22.429952049886328,0.9953126500101518,52.818500696155354,2397.5566916407315,134799.1532414528
180,134510.19316797509,813.6119043617244,22.40753240591574,0.9955438716848142,52.76570646913096,2394.810915703601,134510.1930725307
181,134649.41308381155,813.6397325262955,22.420220629703575,0.9953437013248759,52.79558495284239,2395.9328856560187,134649.41298545976
182,134421.53979050415,813.6482750443213,22.407670147579978,0.9953344240573682,52.76603082596294,2393.217825231477,134421.53969413458
183,134477.6853118245,813.6184571429021,22.410230048243353,0.9955515264246064,52.772058931358345,2393.943941044498,134477.6852157962
184,134182.78448400076,813.6777054384098,22.38094351569288,0.9955694258888991,52.70309441745904,2391.8198978129185,134182.78439127177
185,134155.9572031071,813.6631433955537,22.39081026829566,0.9952413954410244,52.72632884426743,2390.2879286073476,134155.95710922586
186,134552.88312190588,813.6457779136556,22.470801875198482,0.995205691439263,52.914694683636434,2388.8259228740335,134552.8830147896
187,134278.87076403067,813.6717088695503,22.398611854900484,0.9956047975883997,52.74470017678751,2391.644592055889,134278.87066859778
188,134239.96727792852,813.6369863968604,22.458645166740414,0.9954137302155385,52.88606782287778,2384.560523097805,134239.96717345572
189,134115.09012321546,813.6526642363214,22.412514976220645,0.995319665708003,52.77743952556072,2387.245694950629,134115.09002616358
190,133786.28679612407,813.6468792164912,22.414424408713153,0.9955718222129328,52.78193589546871,2381.190137549914,133786.28669915532
191,134164.29725112938,813.6785097653931,22.41264440861275,0.9952653686638895,52.77774431555213,2388.1077894250197,134164.2971533236
192,133976.42600522956,813.6577600768138,22.392789883193313,0.9952263889353177,52.73099048110986,2386.8781509299833,133976.42591130192
193,133844.94255112062,813.6781107123501,22.41919211667296,0.9953046750478766,52.793162989741326,2381.727509343763,133844.94245248285
194,133939.9032043057,813.6637150958115,22.44163182735057,0.9953393918680472,52.84600447024965,2381.0340902193325,133939.90310223232
195,133707.56007918273,813.6525605838555,22.39781532594166,0.9955202758432867,52.74282449442883,2381.553653722614,133707.55998478518
196,133530.38753512644,813.6576749327063,22.36594758855481,0.9954950408480223,52.66778170764049,2381.786736074191,133530.38744564878
197,133875.444493484,813.6528918341078,22.428670671244678,0.9953214797085447,52.815483280044724,2381.263513064996,133875.4443939434
198,133471.1591962048,813.6475801514056,22.382994802367996,0.9954697396134295,52.70792482843971,2378.9170791356,133471.15910441938
199,133642.68991913114,813.627354086586,22.416403501330024,0.9953770998330693,52.7865963024339,2378.4243298509673,133642.6898224685
200,133910.8497006738,813.6710275139646,22.43873184092649,0.9952385110958749,52.83917552408791,2380.825268059111,133910.84959891014
201,133672.19097212807,813.6421296534767,22.4325951625388,0.9952051628878714,52.824724750810674,2377.2322509403884,133672.19087238144
202,133733.64864855632,813.6454304847394,22.405717527432063,0.9955279909967745,52.7614327568983,2381.1782279651793,133733.64855306866
203,133226.8899217463,813.6650430182327,22.355594597110436,0.9953260365253342,52.64340227586124,2377.47374802735,133226.8898338379
204,133293.65674119067,813.6369906084028,22.380773171830956,0.9954749546222772,52.702693288318436,2375.989201762956,133293.65665013742
205,133377.8677737765,813.6668751079221,22.413143676325756,0.9952568534813969,52.778920001170555,2374.0565577578996,133377.86767677555
206,133387.04960795227,813.6789688212945,22.38453889377117,0.9952028754226693,52.71156088582726,2377.2539608320017,133387.04951518157
207,133324.6142279849,813.6504081301662,22.40761784793527,0.9954119859761342,52.76590766971124,2373.6938926176226,133324.61413235366
208,132970.2160505194,813.6499253945311,22.37963343031281,0.9954973459570431,52.700009402145355,2370.3445090755417,132970.21595953504
209,132915.16541480558,813.6503579579309,22.420834535448837,0.9956397353511185,52.79703059039709,2365.0091662145473,132915.16531733458
210,133126.22756463656,813.6805663541616,22.401596886126924,0.9952731230934845,52.75172938815458,2370.798879912282,133126.2274693141
211,133071.25730327424,813.6504285801296,22.39423115579603,0.9953910703896555,52.7343844187251,2370.599395671325,133071.25720994495
212,133084.02651860035,813.6444699360305,22.38793072260803,0.9952381568129086,52.719548032361615,2371.4940733991266,133084.0264263978
213,132835.1012663734,813.6487207224275,22.371712063384727,0.9954801198569444,52.68135600851905,2368.774373030465,132835.10117671598
214,133188.43967300968,813.6666205813091,22.4230539281032,0.9952742714559618,52.80225686070739,2369.6370715883954,133188.43957453282
215,133023.04472281187,813.6539938048211,22.396977277720246,0.9953618951813611,52.74085104167834,2369.4499552156576,133023.0446289924
216,133135.59050626124,813.6941800800907,22.431290526908622,0.9953550286041707,52.821652568677266,2367.827032307581,133135.59040569526
217,133133.11466222897,813.6663164692243,22.456909130571002,0.9953241505572493,52.881979770107144,2365.0818575024696,133133.11455807785
218,132519.43556023104,813.6625063167331,22.360925523774014,0.9956449008435367,52.65595564882723,2364.28522440633,132519.43547206145
219,132497.4257201059,813.6535050253691,22.37902217683537,0.9955275947310459,52.69857001020408,2361.9809992776586,132497.42562944823
220,132833.47549974453,813.6107979591635,22.402527450735015,0.9954645075465907,52.7539207003469,2365.487097205956,132833.47540630703
221,132607.78611773285,813.6496411007291,22.384347619996994,0.995326657209423,52.711110470509745,2363.3859467735024,132607.78602628104
222,132574.9384138097,813.6686559635517,22.40466871850325,0.9954421168198719,52.75896300060932,2360.657455792011,132574.93831870586
223,132358.11430059152,813.6709116452339,22.369837732914178,0.995460293321961,52.676942297555996,2360.4662930128748,132358.11421098697
224,132378.07966552448,813.6820111739747,22.402800898194094,0.9953724281843319,52.75456461990481,2357.3486733609284,132378.07957050804
225,132284.20486160406,813.6688875753339,22.377140827496497,0.9953417076286581,52.694139771069196,2358.3782555334983,132284.20477099228
226,132148.90022129923,813.6752590981496,22.361403223393065,0.995507964869528,52.657080545465675,2357.6241204610296,132148.9001329927
227,132541.8034187406,813.6600608654896,22.397595516951334,0.9954798297266364,52.74230688381233,2360.812760654235,132541.80332500592
228,132505.75839091244,813.6724183786016,22.412944976422132,0.9952865499129757,52.778452098654554,2358.5543744653623,132505.75829442992
229,132407.41813230648,813.6371531514549,22.36808659900255,0.9954290907698968,52.67281869231935,2361.53043748158,132407.41804376725
230,132352.5607480589,813.6532555581707,22.380196909485402,0.9953492613228488,52.701336294195926,2359.274702333879,132352.56065732738
231,131892.97621954762,813.6723957300078,22.34012749329692,0.9952966902486171,52.606980029762596,2355.2992129407507,131892.97613459078
232,131875.37390103354,813.6561817017953,22.375358072685138,0.9954571685417575,52.68994170430403,2351.2768922833334,131875.37381128973
233,132087.44138192464,813.6655276815434,22.395319261576766,0.9953997868329367,52.73694671202869,2352.958868851844,132087.44128872655
234,131935.48516236778,813.6345689464557,22.37449688669411,0.9954869562897342,52.68791376626986,2352.439189273824,131935.4850732498
235,132060.61009412145,813.6681190695083,22.389605561939213,0.9955126879568182,52.72349197759089,2353.081245509452,132060.61000176606
236,132177.25784727788,813.6961670160204,22.410130359113218,0.9953496133175482,52.77182418139643,2353.002674139188,132177.25775085553
237,131919.43017400752,813.6270821908106,22.422213551685886,0.9953361605550634,52.80027792547452,2347.1473136031705,131919.43007766549
238,131648.60760550533,813.6398607270395,22.362262449163996,0.9954383341560217,52.65910386753427,2348.60832392105,131648.6075182684
239,131946.7700637818,813.6553956450982,22.386119612426807,0.9954925989854383,52.71528319380311,2351.4189262005,131946.76997236838
240,131817.62519370025,813.6587094794937,22.39052113494253,0.9953597165370863,52.7256479872518,2348.655650975812,131817.6251016135
241,131527.58821830282,813.6532817733951,22.353445780857452,0.9955224943544629,52.63834220027563,2347.37482954172,131527.58813211252
242,131580.25126823774,813.6584530149266,22.37846713305849,0.9954652918717412,52.69726298199241,2345.6890583537484,131580.25117816805
243,131276.13151724212,813.6284972026297,22.365699943993388,0.9956282856232131,52.66719854926321,2341.60341062038,131276.1314300221
244,131872.02558209305,813.6508310523012,22.42177961697634,0.9954471883699114,52.79925608732225,2346.3492865233516,131872.0254852212
245,131737.01187436437,813.6540272346473,22.39843030986041,0.9954667714876883,52.744272670888066,2346.390492698641,131737.01178122408
246,131450.30577141006,813.6411366527608,22.384205137782008,0.9954031635477197,52.71077495053383,2342.7718081173816,131450.30568099197
247,131427.4490829094,813.646921745637,22.40525408699091,0.9956472407358168,52.7603414380578,2340.163875888489,131427.44898910262
248,131432.14795927677,813.6656911576515,22.383302103371026,0.9953318598550148,52.7086484670015,2342.5426946739735,131432.14786839107
249,131115.2572812071,813.6845320699422,22.364808478431442,0.9956227115755554,52.66509930828848,2338.8270811990383,131115.2571928593
250,131422.4148426907,813.6654669965267,22.38209683935386,0.9954783554056691,52.70581028713433,2342.495354636295,131422.41475200144
251,131319.08855963527,813.7080350589157,22.36269552795093,0.9955498205966808,52.66012369014282,2342.684341641122,131319.08847088687
252,131298.26133863154,813.6596052924534,22.38692602209911,0.9955422669722221,52.71718214346396,2339.7775889137224,131298.26124743756
253,131348.93272541373,813.7040601623368,22.415081345881067,0.9954689224113507,52.783482864280046,2337.740467732004,131348.9326285866
254,131072.6802213964,813.6197289750256,22.372291734197145,0.9957064899400676,52.682721028967656,2337.285539054685,131072.68013355255
255,130982.22549352098,813.641823269675,22.38201913120392,0.9953107852234305,52.70562729842518,2334.6574508816084,130982.22540373848
256,130902.8368595906,813.6795716140452,22.364080765710774,0.9955533341431728,52.663385675786834,2335.1139174855352,130902.83677161546
257,130940.71277452339,813.6520819176685,22.38352866676265,0.9953630000241512,52.70918198301757,2333.7601201916555,130940.71268428449
258,130950.46967872123,813.6663248596016,22.35271225604327,0.9953998684845127,52.63661488133966,2337.1516796197147,130950.46959270372
259,131151.3324921175,813.6618522283754,22.405463780337605,0.9954591569606738,52.7608352281539,2335.225558151936,131151.33239808676
260,131065.2858471275,813.6691387896769,22.40245012309737,0.9952858413223411,52.75373860767574,2334.007384460561,131065.28575344334
261,130893.76936145997,813.6530863706389,22.411739921570575,0.9954244436291325,52.77561441133475,2329.986829319792,130893.7692668511
262,130639.48491129457,813.6426336543852,22.353255133152178,0.9953896172415837,52.637893259237714,2331.5447218103204,130639.484825967
263,130859.68526642033,813.6729348329347,22.40935221274543,0.995354553189164,52.769991786731595,2329.6283068417915,130859.68517169476
264,130491.86132011711,813.6796068483674,22.389333640044637,0.995446704103715,52.72285165046286,2325.1572184249803,130491.86122860943
265,130296.40960296581,813.6606977773987,22.36248038082937,0.9955070611030201,52.65961705738834,2324.462487608831,130296.40951609127
266,130487.97582021097,813.6544129835313,22.3779187261509,0.9953338976493399,52.695971582413584,2326.2740058952763,130487.97573107142
267,130514.83967499407,813.6562442447289,22.404872156774683,0.9956289698515806,52.75944206112882,2323.9537990590798,130514.8395816576
268,130793.45926831925,813.696440021517,22.414024001773242,0.9953949816107279,52.78099300918045,2327.9639969140367,130793.45917227486
269,130783.01911755082,813.6379530070442,22.44678513855195,0.9954259935435676,52.85813959076494,2324.380777135452,130783.01901773478
270,130501.89539840148,813.6809834148582,22.402611488815186,0.9954547130680218,52.754118594902636,2323.957801658104,130501.89530478811
271,130270.0701351527,813.6758338745739,22.390388477859307,0.9954916657678645,52.725335603693104,2321.0958978743515,130270.07004373416
272,129994.68444056151,813.6675755350369,22.347070332295463,0.9953379054365153,52.62332916620579,2320.6789561061546,129994.68435595238
273,130061.7682104263,813.6206240298967,22.392306678234565,0.995368142962505,52.72985262038715,2317.1859491074492,130061.76812025071
274,129943.03735569149,813.6545035740454,22.381587354242505,0.9957559033200729,52.70461054138146,2316.179403385422,129943.03726637218
275,130305.68364588472,813.6649290649384,22.400976303582983,0.9953928336084261,52.75026802794051,2320.6330777039457,130305.68355308191
276,130139.19414817945,813.6965406253454,22.384351397525908,0.9955356344697146,52.711119365910555,2319.3893788147857,130139.19405725392
277,130020.28888069335,813.6658056063723,22.400537415866193,0.9954815395900487,52.74923452634749,2315.5958083299,130020.28878813947
278,130068.29140960221,813.7120918174131,22.38648524144179,0.9953343920346486,52.716144184336635,2317.9047636654755,130068.29131800546
279,130029.1316181475,813.6744148799309,22.37824245473626,0.9952929433637602,52.69673390497554,2318.060428171957,130029.13152877805
280,130076.64559488378,813.6935953670246,22.352772920047933,0.9952255596042069,52.63675773415386,2321.549715831884,130076.64550878064
281,129999.36094906156,813.66581639032,22.372094285775347,0.995125442032666,52.68225607346615,2318.166589380177,129999.3608608436
282,130011.71596790863,813.6634633407881,22.41211868893754,0.9953787727865565,52.776506340322875,2314.2466433903946,130011.71587360713
283,130007.57779772334,813.6833278381068,22.410608699460077,0.995307182761377,52.772950586833566,2314.3289078685298,130007.57770314446
284,129600.08330107854,813.6847575698647,22.377443853294626,0.9955752190502413,52.69485334229279,2310.4941346880287,129600.08321186781
285,130026.31580434821,813.6884618601797,22.3890162578518,0.9952071127393254,52.722104272513235,2316.8947818773295,130026.31571299149
286,129688.75246651015,813.6836544044143,22.368349938070377,0.9954522032910088,52.673438808434916,2313.0148980434687,129688.75237862192
287,129755.95639142775,813.6935884750102,22.37768902529656,0.9954270004820697,52.69543067823743,2313.2476762881024,129755.95630185353
288,129402.32162140592,813.6869744721159,22.37884577007105,0.9953968770757846,52.69815460401938,2306.8239446881626,129402.32153206598
289,129509.93467548782,813.6772025797693,22.395601346673754,0.9954938663335082,52.737610971669476,2307.0150193467966,129509.93458376869
290,129700.7495052324,813.6671227988656,22.380804276861863,0.9954744769193206,52.70276653506871,2311.9416146669237,129700.74941588457
291,129549.31973014401,813.6933464972823,22.37154421403096,0.9954257563465292,52.68096075349626,2310.1981938816575,129549.31964163862
292,129666.32020640095,813.6821477252778,22.385584894838868,0.9954288928807895,52.714024030108604,2310.8343032989274,129666.32011597954
293,129470.2310587714,813.6943177249251,22.402359422888384,0.9953045988511294,52.75352502500554,2305.6120227191304,129470.2309655938
294,129399.95325085975,813.673581444114,22.35761783228813,0.9954755295898342,52.648166630613495,2308.9719495600457,129399.9531649807
295,129044.56712078408,813.6951179906454,22.345597499754213,0.9955134339828868,52.61986091061468,2303.8692020272724,129044.56703635724
296,129127.34798857178,813.6886679157204,22.326205091417147,0.9952924278988968,52.574195278741136,2307.3495230299495,129127.34790696447
297,129327.63086278945,813.7043846363864,22.38249113023786,0.9953734611857579,52.70673877121154,2305.1169628573707,129327.63077251684
298,129149.97487730863,813.6715033742366,22.363195853338517,0.9954870636296812,52.661301866394545,2303.9366032136018,129149.97479083516
299,128931.4129334552,813.690616971373,22.350445531918282,0.995428987958562,52.63127715393359,2301.349734509599,128931.41284851525
300,129064.9331540185,813.6469938884001,22.39621908272053,0.9954317908926905,52.73906562889497,2299.024605990238,129064.9330632827
301,129348.46255488662,813.6902000749694,22.41441779450824,0.9953399604866978,52.7819203202064,2302.2043709165155,129348.46246000465
302,128750.02812381698,813.7091734908718,22.340443701197113,0.9953474585533525,52.607724642464376,2299.1409888028234,128750.02803998596
303,128999.48967101924,813.7012007173669,22.39345835381451,0.9953942943160458,52.73256460912817,2298.1421523581325,128999.48957938213
304,128841.45163262442,813.6650343198672,22.341951343881274,0.9954109749978088,52.61127486967778,2300.618318132133,128841.45154954732
305,128860.60410147485,813.7122336185524,22.38008486152114,0.9953608745875938,52.70107244140368,2297.039692755413,128860.6040116961
306,128977.17835503773,813.7116841917991,22.33530671127106,0.9954133370847322,52.59562795561538,2303.727023669463,128977.17827172691
307,128486.04986739017,813.7002187554535,22.31657756307466,0.9956050608015639,52.551524182016145,2296.88076448971,128486.04978724474
308,128558.67334511656,813.6522084684628,22.36612535434008,0.9954490989330667,52.668200314074966,2293.087850360791,128558.67325907544
309,128516.04171077585,813.6713609571923,22.35702109114618,0.9953772554373905,52.64676141261073,2293.2609196565404,128516.0416256219
310,128251.89189270754,813.7168848102025,22.308811957769535,0.9954438343645702,52.53323757898184,2293.4929172530583,128251.89181338715
311,128457.35392452635,813.6860525400388,22.36301476197064,0.9954335364648902,52.66087542881149,2291.5993328472214,128457.3538381944
312,128485.50004410699,813.6935191951727,22.363337005143812,0.9954283771501149,52.661634253495045,2292.068414222996,128485.49995752968
313,128344.92882599209,813.6567598180134,22.39525668256375,0.9954436786923396,52.73679934971444,2286.297465108552,128344.92873566397
314,128337.93638292864,813.6757148671795,22.3830622278258,0.9953276481054918,52.70808360325929,2287.418427446907,128337.9362939713
315,128378.16751232074,813.6992394025624,22.378375488980332,0.9954184160360608,52.69704717668016,2288.6146908358983,128378.16742345595
316,128567.13140916126,813.6534209728668,22.388954752094936,0.9952655142479843,52.721959437524085,2290.9003639056514,128567.13131971275
317,128209.43481254451,813.6970946658587,22.35337967809216,0.9952384826104091,52.63818654015889,2288.1624626643834,128209.43472750764
318,128394.68374718734,813.7084939679557,22.38172891531085,0.9954360018900598,52.70494389222279,2288.566183575023,128394.68365757859
319,128365.20874505001,813.6425563966842,22.398075279842732,0.9955299876496075,52.74343663908586,2286.3709698771827,128365.20865463569
320,128039.99838880815,813.7097086299347,22.37467924280605,0.9953785901530756,52.68834318209759,2282.963182868886,128039.99830047057
321,128095.94819171136,813.685438217027,22.39722689835441,0.9953571496882514,52.741438853351326,2281.661471471711,128095.94810053786
322,128076.69047122351,813.6657430761511,22.374397413585605,0.9952446135077617,52.68767952500001,2283.646170145956,128076.69038397427
323,128188.5630379114,813.6758993766576,22.384854580385106,0.9952348068004396,52.712304270993705,2284.5731463691905,128188.56294878485
324,128235.42995398522,813.6839073830664,22.4042054298748,0.9953536240363102,52.75787203926041,2283.4344656509847,128235.4298616767
325,127932.34589955014,813.6794442040847,22.372357499892296,0.9954048873087351,52.68287589534487,2281.280451133374,127932.34581236696
326,128262.18545743343,813.7000866286744,22.4215718237438,0.9954543736880493,52.79876677165304,2282.1419103844114,128262.18536195422
327,127998.21001859738,813.7033002753078,22.388724323872445,0.9954292271036721,52.72141682052682,2280.7863928929974,127998.20992833906
328,128179.51755457139,813.6755225773782,22.38173129019843,0.9953562317914854,52.70494948465568,2284.7307194850528,128179.51746592729
329,128402.09886378203,813.7005439231964,22.423983333720553,0.9952520690094603,52.80444544368509,2284.385667198417,128402.09876780027
330,127962.7837160309,813.7043032378069,22.367068012683276,0.995422678929939,52.67042010483714,2282.362834200748,127962.78362900154
331,127929.67069866623,813.7146081572382,22.37464468471227,0.9954136075801039,52.688261804005634,2280.9995545717675,127929.67061028979
332,127814.3866444529,813.6878897245623,22.37972813254982,0.9953775288248633,52.700232408871365,2278.4263764976704,127814.38655605572
333,128048.6929375535,813.7249866674842,22.391095470162426,0.9952921661612234,52.72700044334017,2281.4443192832255,128048.69284635258
334,127748.61088499738,813.7043322280452,22.388440024633276,0.9954206583737446,52.72074734697964,2276.367718720096,127748.61079493228
335,127762.75463488561,813.7119746239132,22.38934419304097,0.9953027648295667,52.72287650087016,2276.527809164344,127762.75454448228
336,128007.16604217552,813.7254150810207,22.423062298780092,0.995281742675414,52.80227657214512,2277.4530101255896,128007.16594597705
337,127690.29276319935,813.6758861874504,22.38651949033658,0.9953310324033425,52.716224834320606,2275.523741065093,127690.29267417068
338,127750.58413732171,813.6935308657673,22.391877340433105,0.9951994997015635,52.72884160712618,2276.0534359631524,127750.58404700465
339,127899.67068284896,813.6775279192836,22.407526521420287,0.9951396116915738,52.76569261220311,2277.1181922302535,127899.67059043146
340,127622.94261222062,813.7197232187233,22.410655934273695,0.995239711703533,52.7730618163195,2271.87405431516,127622.94251842907
341,127173.5283533828,813.7272083168968,22.400555654663048,0.9953891891148764,52.749277475431924,2264.8945941407255,127173.52826129943
342,127439.49951270419,813.6716596653381,22.379544742578055,0.9953127768110548,52.6998005584898,2271.762233486737,127439.49942498954
343,127445.7642748637,813.7021462639751,22.390159130591414,0.9951776458293179,52.72479553214939,2270.7968947773434,127445.7641848069
344,127449.0535089219,813.7014088188873,22.399668147306095,0.9954845383901105,52.74718755531766,2269.8914871186785,127449.05341743247
345,127302.43160471767,813.665689697759,22.400687039428647,0.995373589218166,52.74958686291157,2267.1769966537972,127302.43151407866
346,127384.99664220733,813.6987187771489,22.40209273330138,0.9952203696330868,52.75289701902026,2268.5050746989673,127384.99655045963
347,126923.13228954774,813.6976240204815,22.352013213840028,0.9953733773715017,52.63496876274715,2265.3442151659283,126923.13220554561
348,127176.73864903135,813.7061912607952,22.406095891773337,0.9953380422906183,52.76232373683346,2264.391725168416,127176.73855662585
349,127372.06830644592,813.675663539877,22.428700338882724,0.9955037151795246,52.81555314199348,2265.583944760656,127372.06821113802
350,127289.03971083995,813.6954822606738,22.44926854725034,0.995268567559505,52.86398757134792,2262.032710129027,127289.03961172636
351,127143.51926594749,813.7172939726765,22.381463548035345,0.9954852212660573,52.70431900004314,2266.291719724158,127143.51917703472
352,126899.22544495555,813.6832666031265,22.361855863958663,0.9954189715164125,52.658146432542736,2263.9206105330823,126899.22535990312
353,126835.77348007672,813.735261670587,22.37045951722998,0.9953686145641352,52.67840648772653,2261.918342341093,126835.77339257053
354,126713.1968122528,813.7193958306442,22.368893832262533,0.9954279067899252,52.674719581380984,2259.890545876073,126713.19672544466
355,126692.59891487795,813.7560114614279,22.355307240591713,0.9958028069593868,52.642725602970884,2260.896429520406,126692.59882918074
356,126811.1322511359,813.7026841679519,22.373382039418143,0.9954633471640403,52.68528850155727,2261.18349883018,126811.13216400708
357,126391.98005848232,813.6914814638899,22.320223679349613,0.9954006817295923,52.56011012970692,2259.07703584683,126391.9799793473
358,126835.39431017832,813.6831675675477,22.401223831543156,0.9952456326095359,52.75085091174283,2258.8052252068296,126835.39421935167
359,127158.08480237004,813.6998855886761,22.41253051130702,0.9952218968063672,52.77747610789352,2263.4095822845106,127158.08470913956
360,126289.09214797302,813.7045870565909,22.33668833107539,0.9953218018007982,52.59888142162523,2255.5742223096777,126289.09206636916
361,126466.4239169273,813.682761436236,22.32986056638109,0.9954370470298984,52.58280326446034,2259.432091017752,126466.42383663761
362,126901.97247080907,813.709295983292,22.41660117497044,0.9952535042967469,52.787061788284724,2258.4406034520603,126901.9723768859
363,126733.29952030715,813.7416627167431,22.390407785711865,0.9954454402146861,52.725381070211334,2258.077297979934,126733.29942972948
364,126179.49223214928,813.714783346279,22.314459181876767,0.9957088602456101,52.54653577550833,2255.8617244854404,126179.49215340543
365,126367.22536179953,813.7283043679331,22.35926305709005,0.9954382393558251,52.652040838955635,2254.6909942925063,126367.22527641068
366,126257.3708064775,813.7129589831081,22.350435182045302,0.9954172514302866,52.631252781845234,2253.6207020921224,126257.37072278197
367,126236.48719221372,813.7326808450794,22.35539564082883,0.9955844540292953,52.64293376962124,2252.747966506615,126236.4871073645
368,126649.72100420359,813.717904040052,22.383263500267216,0.9953849325515247,52.70855756363885,2257.3083906651514,126649.72091535271
369,126236.99214451168,813.70319573313,22.408628536679664,0.9955764604132267,52.76828765982582,2247.4054328989905,126236.99205247524
370,126116.9139732751,813.7512561382109,22.349411637490253,0.9953609500573897,52.62884251861002,2251.216724349513,126116.91388892304
371,126291.64567513454,813.726133334397,22.413615094120424,0.9954058780045887,52.78003010524302,2247.8782164196477,126291.64558169483
372,126350.80047257767,813.7304769888459,22.41057250954995,0.9952955463455163,52.77286536610777,2249.236446306602,126350.80037945729
373,126037.32878989863,813.7003805784651,22.36888723996853,0.9954664439535109,52.67470405771492,2247.837311875959,126037.32870400939
374,126148.96989112048,813.7158982505208,22.374513781928993,0.9952996995377315,52.687953551507626,2249.2626302030176,126148.96980396214
375,126222.54847512099,813.6970244898456,22.40237268086583,0.9954141552702113,52.75355624515659,2247.775806790076,126222.54838421053
376,125943.43481482871,813.7128668674477,22.37736098904651,0.9953681871882007,52.69465821190032,2245.312175605111,125943.43472746809
377,125937.27109255124,813.7246229054716,22.373054328719697,0.9954125157253292,52.68451680183559,2245.6344752491786,125937.27100554209
378,125961.68942970176,813.7289104938169,22.42362975122726,0.9954200945821516,52.80361282054231,2241.003984716255,125961.68933485902
379,125972.05526074572,813.7490728561415,22.389304459527573,0.9953241544152046,52.722782935596356,2244.624395698517,125972.0551706939
380,125730.73078155449,813.6966351425043,22.39118911505166,0.9956643463688675,52.72722096020245,2240.135805061563,125730.73069269166
381,125957.663655071,813.7433701020758,22.438992036649033,0.9951279581120518,52.83978823819099,2239.3981641652576,125957.66355737776
382,125659.71403445443,813.7383960581496,22.333393310496064,0.9953598432894174,52.591122241116246,2244.664398935608,125659.71395294441
383,125526.34323370142,813.7296442314973,22.3666846633267,0.9953395831949698,52.669517386088025,2238.9445004433437,125526.34314778146
384,125673.87083444011,813.7331959492356,22.359613690128757,0.9952913284938174,52.65286651666363,2242.2847421420693,125673.87074935397
385,125687.08557700871,813.7354571646662,22.39152440964384,0.99521346692372,52.728010518629105,2239.3246489062703,125687.08548716492
386,125786.22294199897,813.7169850370937,22.378125241859692,0.9953291404725262,52.696457889744266,2242.4328258605206,125786.22285453526
387,125482.15653136559,813.7451435380931,22.391761111126534,0.9953671313773597,52.72856790802525,2235.649863709804,125482.1564413914
388,125428.17031283875,813.7106361822003,22.4114110094394,0.9953384387728508,52.774839882455204,2232.728687636292,125428.17022077534
389,125113.19755915664,813.7330866537488,22.365136324591436,0.9954482919566826,52.665871326997724,2231.729939767167,125113.19747366075
390,125361.69950052148,813.744811439673,22.3539171060067,0.9953089741258072,52.63945208618481,2237.2849481623284,125361.69941618611
391,125666.93551842845,813.7108876420918,22.414071594995114,0.9951970039967367,52.78110508265332,2236.713379552876,125666.93542577155
392,125532.8881081432,813.7560438826914,22.421465794716596,0.995293400726414,52.798517092374425,2233.59066288349,125532.8880132556
393,125549.09913192454,813.7682553899692,22.41062540812068,0.99515545942574,52.772989932722474,2234.959667474792,125549.09903841441
394,125241.89000745823,813.7319672927745,22.40898427879236,0.9953771776700535,52.769125368483664,2229.6541681564076,125241.88991536229
395,125250.64531360171,813.7295372332497,22.38285445562432,0.9954907659425454,52.70759433711444,2232.413125065176,125250.64522550891
396,125283.2692752623,813.7077220550336,22.365324980389037,0.9954763729623306,52.66631557745153,2234.744774987414,125283.26919022446
397,125431.4903872099,813.7228472201215,22.42801239193633,0.9952774625495729,52.8139331507342,2231.1350615810716,125431.49029223144
398,125222.07864395395,813.7228908304603,22.404179276071833,0.9952859652359018,52.75781045176094,2229.779586890785,125222.07855284012
399,125088.19280295043,813.7513514808547,22.39224332145269,0.9953500222966748,52.7297034265672,2228.582825388202,125088.19271303155
400,125002.95007626757,813.7779834476156,22.3592112260882,0.9954986469225087,52.65191878627352,2230.354257852652,125002.94999063369
401,125060.73989473532,813.723023905265,22.397001020625087,0.9952995247987179,52.740906951946585,2227.6204174099594,125060.73980482429
402,124857.4787685194,813.7215920366434,22.36236921656195,0.9952192448848621,52.65935528554313,2227.444096942813,124857.47868386592
403,124960.40870800635,813.7624887066249,22.424557737542543,0.9954653029687296,52.80579806131905,2223.098042482521,124960.40861289292
404,124718.04417754729,813.7472315961946,22.334747825393475,0.9952943941032346,52.59431187994796,2227.7082033954325,124718.0440962627
405,124664.10411538003,813.7408398852932,22.3679983676268,0.995426017910509,52.67261092330714,2223.4346213101944,124664.10402959488
406,124618.38140862077,813.7348904526224,22.353970610370386,0.9954702477128231,52.63957807933291,2224.0138955907364,124618.38132500887
407,124517.15164333863,813.7692423256176,22.315250164797916,0.9953949056237648,52.54839839794633,2226.063165720032,124517.15156433644
408,124835.56439301393,813.7700777592129,22.402982386449683,0.9952579393196676,52.75499199208701,2223.015841152982,124835.5643011712
409,124637.94476053769,813.7677216806957,22.36412585467418,0.995323205549924,52.66349185218167,2223.352981933088,124637.94467468931
410,124730.35381045571,813.7293090377934,22.391087745518092,0.9953446697228859,52.72698225319285,2222.3222181057718,124730.35372151286
411,124792.49395021804,813.7442732095692,22.41631711038248,0.9953689654666671,52.78639286729891,2220.9269198116067,124792.49385700253
412,124596.68965331298,813.7461518382034,22.37793183665259,0.9952023262784085,52.696002455285765,2221.2458176920472,124596.68956600067
413,124530.45730003975,813.7336418335949,22.371963432390885,0.9952283288020847,52.68194793729346,2220.657331433952,124530.45721394503
414,124562.57593999036,813.7260899081912,22.373659519948518,0.9952944492928881,52.6859419182723,2221.0616932768417,124562.5758538082
415,124273.93551687547,813.7516203382315,22.352182909550816,0.9953222183253956,52.63536836560847,2218.0440912721224,124273.93543335808
416,124431.58590866672,813.7382115980998,22.41498491861924,0.9953730494415984,52.78325579543101,2214.6354689329037,124431.58581608308
417,124489.56620242207,813.7265017090859,22.405134665433202,0.9950603078585071,52.760060221779895,2216.641505110058,124489.56611160531
418,124208.50374795416,813.7411182969289,22.35315370516863,0.9955608474042874,52.63765441458892,2216.7799847858164,124208.5036645878
419,124272.47471686381,813.7583145660753,22.395459740036397,0.9951616621955486,52.73727751352132,2213.731936301588,124272.47462687455
420,124014.40973577337,813.720451426241,22.37403685315704,0.9954413403890249,52.68683047007538,2211.2501086564566,124014.40965005026
421,124361.1150407399,813.753304201213,22.377936456701622,0.9952239835677505,52.696013334669836,2217.045656716926,124361.11495341883
422,124289.09894530433,813.749921153744,22.38279983598229,0.995349089341561,52.70746571768654,2215.280345873806,124289.09885740017
423,124231.3655922464,813.7583268052753,22.39589448708606,0.995300152194202,52.73830126458839,2212.9566789722485,124231.36550222099
424,123924.00738829335,813.7416656646508,22.382279696626984,0.995362285592356,52.70624088310646,2208.824426022169,123924.00730092428
425,124193.02991932635,813.7646100771427,22.417035886579885,0.9951586366192924,52.78808545589645,2210.1874135661433,124193.0298259232
426,124223.71205537218,813.7386172053132,22.403650629977644,0.9952481359017972,52.75656558534161,2212.0542667715476,124223.71196467071
427,123917.083042672,813.7013300197156,22.384612660457442,0.9952999789974059,52.711734593098754,2208.4708116064867,123917.08295594057
428,123770.62373732596,813.7541189303402,22.38287487644189,0.9953825634901775,52.70764242446499,2206.0318503789013,123770.62364967547
429,123649.50871280143,813.7234701682993,22.35377728980155,0.9955260257668369,52.639122844182296,2206.7419003457267,123649.50863012967
430,123838.00415792137,813.7438483860609,22.39549850023235,0.9954717180221513,52.7373687868077,2205.9886623470647,123838.00406859964
431,123797.97450366938,813.7664462977208,22.374889183509538,0.9953467372373828,52.68883755467443,2207.306854237821,123797.97441687195
432,123710.5309371885,813.7499200645373,22.352421166911345,0.9952587744537987,52.635929418816914,2207.964897995594,123710.53085405561
433,123813.98669916547,813.7548561828235,22.38775799999302,0.9953138290652953,52.71914130168556,2206.3233933193815,123813.98661074419
434,123468.00932400326,813.7583421388103,22.33940179480772,0.9952944682034579,52.605271140413585,2204.9206889591724,123468.00924264659
435,123727.62778979915,813.744320392321,22.403654068599238,0.9954377547731228,52.75657368267667,2203.220145605843,123727.6276993166
436,123572.76169627681,813.7645913195828,22.358503417459623,0.9953155951219207,52.6502520243269,2204.906045192571,123572.76161203768
437,123515.53232936487,813.7594118615311,22.37633569856281,0.9952670593265354,52.692243837317314,2202.128569944479,123515.53224272392
438,123745.65032607035,813.7423278696477,22.396125136917096,0.9952773636079028,52.738844403433895,2204.281840230706,123745.65023675896
439,123284.18939739093,813.7348989866821,22.36854400516141,0.9954944470706552,52.673895801510966,2198.769649213132,123284.1893126174
440,123487.0834043029,813.7225585733432,22.382992619313676,0.9955439403032469,52.70791968773963,2200.96657722729,123487.0833175983
441,123314.04213961703,813.7262164894173,22.359909807195187,0.9953362840540008,52.65356381906734,2200.1513244416883,123314.04205624879
442,123244.11778275335,813.7819213433221,22.338516947086646,0.9955575493493557,52.6031874832632,2201.009561681162,123244.11770113147
443,123429.35393051423,813.794261168652,22.37523783068532,0.9951875832733618,52.68965855603261,2200.70009079348,123429.35384325357
444,123167.50064702694,813.7700029726648,22.35921631687245,0.9955089323212469,52.651930774154316,2197.604910794252,123167.50056283663
445,123183.5791857484,813.769470288153,22.38346089189719,0.9954823684970073,52.70902238540584,2195.5111511000846,123183.57909805514
446,123003.2262154225,813.7379357993692,22.336247827651878,0.9955861502680771,52.597844115333636,2196.930654680715,123003.22613525981
447,123401.32162298594,813.7491783064634,22.434437097752895,0.9953697899846727,52.82906217677447,2194.3944676800324,123401.32152784748
448,123233.61913302192,813.7749094493464,22.37883925603142,0.9953421534094331,52.69813926462828,2196.856614258902,123233.61904584008
449,123229.1366207468,813.7434566442819,22.413947920284095,0.995323688693634,52.78081385096475,2193.3357278344793,123229.1365290839
450,122998.32817442942,813.7393702670473,22.3918505081942,0.9953387772982213,52.72877842203215,2191.3880458211347,122998.328086364
451,122853.76512409026,813.7781736560985,22.402934690165637,0.9955661261051928,52.75487967592126,2187.7295047430325,122853.76503351
452,122916.65779573069,813.7823795252199,22.35238999603104,0.9952977655657087,52.63585601700316,2193.799042028993,122916.6577123867
453,122755.12018613526,813.7846947800816,22.38505036368756,0.9955244647458532,52.712765305438815,2187.719338681952,122755.12009814281
454,122917.78276165994,813.7329454342316,22.381785436806062,0.9952668083288642,52.7050769901727,2190.937836272201,122917.78267528143
455,122597.84807924578,813.7722684930361,22.37366047919383,0.9953661960725082,52.68594417712239,2186.028751554785,122597.84799332847
456,122686.51976835447,813.7596861206684,22.344052839254893,0.9954477166876948,52.61622351310812,2190.5086030281223,122686.51968684471
457,122724.4249278201,813.7449101471709,22.371887115682288,0.9954350858675245,52.68176822517828,2188.4591893608713,122724.42484271906
458,122795.39156218473,813.7775333078544,22.353893574166108,0.9952827261401982,52.639396672934886,2191.4872847573843,122795.39147882407
459,122779.6278109328,813.7641192495273,22.39105306762533,0.9954648564529044,52.726900592995854,2187.569497414775,122779.62772253726
460,122543.1683080622,813.7574205733879,22.36458341466964,0.9954969212522912,52.66456932363078,2185.940605554403,122543.16822383301
461,122737.12253034009,813.7506906105713,22.392420770472004,0.9950400196845995,52.73012128707485,2186.6786112170676,122737.12244210114
462,122880.63369665443,813.7591800610861,22.417446178292973,0.9952059368000338,52.789051619046745,2186.7914763451154,122880.63360431365
463,122535.10687677343,813.7543856146658,22.386597705695706,0.9952990888677732,52.71640901741611,2183.647359429515,122535.10678944713
464,122672.64626246502,813.747275030524,22.38425375458326,0.9952498511711297,52.71088943435195,2186.327307552327,122672.64617555575
465,122358.25723788732,813.8197810621073,22.37316536552417,0.9952716724648184,52.6847782735285,2181.804915438895,122358.25715107206
466,122275.95600776491,813.7535409638114,22.385938012104543,0.995338785757931,52.71485555772406,2179.093353230321,122275.95592074018
467,122319.75933441638,813.7762666837085,22.348074129307086,0.9952987336108471,52.625692927529904,2183.5672928537724,122319.75925221852
468,122413.27344191697,813.770032582658,22.388155049685164,0.9953086682587072,52.72007628225949,2181.3244704596264,122413.27335406891
469,122401.3701667229,813.7434559500216,22.379015310047908,0.9952662119001876,52.69855384015532,2182.003142767759,122401.37008085687
470,122227.4704935119,813.7888681360025,22.400843571825625,0.995339673014971,52.74995546853767,2176.7798900086905,122227.4704034422
471,122252.08845252448,813.7652504272032,22.3785804547727,0.9953839880087445,52.69752983423657,2179.3843023088725,122252.088366306
472,122316.11358806529,813.7745858297706,22.383172610623088,0.9954850387667745,52.70834353488297,2180.078317472487,122316.11350090818
473,122034.7109886252,813.7676006715523,22.406111310218158,0.9954627528533153,52.76236004449638,2172.836027451561,122034.71089843322
474,121870.78056068045,813.7853429907209,22.364262390799116,0.9955165070076295,52.663813370185544,2173.9776730209965,121870.78047630674
475,121907.03443357981,813.761886463427,22.37212400729895,0.9951289902517814,52.6823260623057,2173.860215419931,121907.03434861233
476,121963.2613837504,813.7984419695166,22.366643268640658,0.9952449391847272,52.66941990905158,2175.395790831446,121963.26129866474
477,121912.64318909471,813.8005545354189,22.382935452735065,0.9952802014481422,52.70778507073442,2172.910161239847,121912.64310163214
478,122048.43706891603,813.7914668872372,22.411052749558525,0.9951566257050596,52.773996244906385,2172.601276156617,122048.43697736223
479,121683.8699815804,813.7575445718661,22.380638673698936,0.9955221200897235,52.70237656942113,2169.0551948176344,121683.86989564923
480,121544.44690672036,813.7619752251379,22.357904970419895,0.9951993881547453,52.64884278924186,2168.7729187171344,121544.44682400761
481,121790.26045031536,813.8059484238488,22.35834901887349,0.995306317073383,52.649888443441355,2173.1159216505184,121790.2603663535
482,121690.67091167156,813.7795277788592,22.385336379071433,0.995246011662843,52.713438820197936,2168.7212081597654,121690.67082452518
483,121448.59842344534,813.7875446822836,22.351209071808825,0.9951440292083003,52.63307515297302,2167.711851781543,121448.59834114247
484,121553.83913121867,813.7779725805614,22.344373736046244,0.995610014695778,52.61697916730478,2170.253968511446,121553.83905000547
485,121397.22395028846,813.7623680073706,22.345624559588895,0.9955453111825637,52.619924631655806,2167.3363941107273,121397.22386936062
486,121588.11288277779,813.7862041266421,22.38770730138337,0.9951873905113682,52.7190219155833,2166.6639808250884,121588.11279519567
487,121396.098718633,813.7741685786673,22.395916639760756,0.9952662769544394,52.73835343015081,2162.449397970533,121396.09863027198
488,121363.9395398829,813.7802358484067,22.366785073098853,0.9952032452070141,52.66975383303221,2164.692272059036,121363.93945562218
489,121366.2705192767,813.7573516064523,22.368251588311395,0.9953120347790133,52.67320721245104,2164.5919232274055,121366.2704353413
490,121778.07120564138,813.7615206209657,22.389132862201386,0.9952921646998599,52.72237885477298,2169.9108102434034,121778.07111831188
491,121204.7513032902,813.802735147607,22.365057273256436,0.9953491832005013,52.66568517532948,2162.0199443103256,121204.75121885845
492,121414.63034949555,813.7987759123491,22.381572704805567,0.9953826307324362,52.704576044593715,2164.165590353028,121414.63026263217
493,121533.37172933735,813.7425968586884,22.431402423530873,0.9952313619249226,52.82191606508631,2161.4698692095853,121533.3716362817
494,121241.11132688572,813.7634823706709,22.404195977784937,0.9953904231512081,52.75784978128974,2158.890481011309,121241.11123766896
495,121238.02635180093,813.8071996175476,22.375381662260136,0.9953937272136405,52.68999725350809,2161.6156289184346,121238.0262657604
496,121851.03155633245,813.7493031049004,22.449355854432092,0.9951643709065702,52.86419316404958,2165.3863350717484,121851.03146002017
497,121285.85586695964,813.77460366253,22.38147272624863,0.9952608881445759,52.704340613083765,2161.879895564601,121285.85578078261
498,120908.23325167729,813.7541656167525,22.36155922193496,0.9951918843378779,52.65744789395912,2157.0681102334433,120908.23316906882
499,120932.02328073693,813.7869349687645,22.370880531609995,0.9950361094499828,52.67939790082784,2156.5935714066522,120932.02319603824
500,120982.47667270296,813.7645375526662,22.375763170044856,0.9951244440777257,52.690895635686886,2157.022523237785,120982.4765877998
501,120877.42781446851,813.7752225250009,22.36690032964783,0.9953479888892306,52.67002524146406,2156.003558411838,120877.42773064609
502,120881.95969717817,813.7855338794894,22.397212725643417,0.9952782042278004,52.74140547916738,2153.1663449252237,120881.959608722
503,120997.63336341296,813.799929225868,22.39012217487481,0.9952438817308034,52.72470850808716,2155.909262136321,120997.63327556885
504,120969.15197955497,813.7849403637998,22.374664210194325,0.9952152226024653,52.68830778300217,2156.890887639024,120969.1518943367
505,121032.53922374632,813.7466390000496,22.377980061672886,0.9952251798973003,52.69611601653023,2157.701323695237,121032.53913891327
506,120916.31166174544,813.7849456494827,22.404192648464512,0.9953574798834571,52.757841941339265,2153.1072272480724,120916.31157223797
507,120878.24778231837,813.7824749156533,22.379734085517644,0.9952887294281981,52.70024642703933,2154.7818055806943,120878.24769649426
508,120997.2027705568,813.7675115812065,22.431573729254705,0.9951670864322305,52.82231945923862,2151.917675420462,120997.20267724534
509,120933.18374281115,813.795545324515,22.38589208725946,0.9952313888605263,52.7147474129783,2155.1680813301405,120933.18365574058
510,120863.5406238242,813.791549201154,22.37688109106474,0.9952149081048158,52.693528138513265,2154.7943307038117,120863.54053820566
511,120862.86032500581,813.7844990623881,22.369446365584377,0.9951948417293651,52.67602069792281,2155.498367097743,120862.86024061654
512,120697.21560765793,813.7554738440186,22.36359505921921,0.9952174381009125,52.6622419244045,2153.107418781154,120697.21552488026
513,120653.21116787851,813.7870303874747,22.399906965579696,0.9950996921875508,52.74774992937545,2148.8333534167155,120653.21107915345
514,120761.17204217284,813.8142784017535,22.40124900406879,0.995291635058982,52.75091018851078,2150.6272864385246,120761.17195249462
515,120423.70963855687,813.7882019994737,22.345841029578818,0.99520507878966,52.620434379527225,2149.9351612684136,120423.70955766934
516,120514.22037676352,813.7499410252362,22.366237252391844,0.9952719028865136,52.66846381385026,2149.5890146996167,120514.22029387031
517,120490.75551332047,813.7645391281095,22.393396379382974,0.9954007821311347,52.73241867049451,2146.563922569215,120490.755426221
518,120267.65087483468,813.8067971492197,22.352133594473234,0.995222230528674,52.63525223747526,2146.5445656782117,120267.65079276687
519,120441.89812644589,813.7926555218638,22.390764968668176,0.9952190020568349,52.72622217179659,2145.9456861647095,120441.89803908719
520,120384.42145626375,813.7828509575962,22.412239158632353,0.995366536149165,52.776790024775046,2142.8664615186854,120384.42136599419
521,120166.58381317616,813.7684778324061,22.346104753780512,0.9952452696128833,52.621055402563734,2145.3193521957323,120166.58373286732
522,120281.18538610902,813.7793323309475,22.41575002227051,0.9952744467547383,52.78505747684555,2140.693500759398,120281.18529547394
523,120022.50013635967,813.7763593510066,22.367793298363445,0.99525993749529,52.67212802209517,2140.669366225944,120022.5000529786
524,119861.39901217323,813.801530678977,22.34293556390477,0.99541274471758,52.61359253071783,2140.174450991682,119861.39893175957
525,120203.56442329861,813.8116102740674,22.401449286581183,0.9952709376829331,52.75138181778563,2140.677752137074,120203.56433407044
526,120117.80829063727,813.7974043806834,22.354814011277213,0.9954379078323284,52.641564136694306,2143.613108662634,120117.80820851531
527,119923.02536541662,813.7683764270027,22.356220318871802,0.9952571327507083,52.64487573800752,2140.0024033370464,119923.02528389374
528,120039.73332326682,813.8145274314429,22.401993343818894,0.9952343554010314,52.752662974674635,2137.708203720064,120039.73323400701
529,120066.08106260445,813.782560687639,22.39745207336465,0.9953002733906078,52.74196909997907,2138.610946507676,120066.0809747824
530,119701.96806695728,813.8021857282758,22.3934161833632,0.9954587260565857,52.73246530530412,2132.509650075166,119701.96797951785
531,120079.23205523328,813.7900268688808,22.379894861846044,0.9953599120276876,52.700625026360214,2140.523132958815,120079.23196977466
532,119587.00339062812,813.8032715540747,22.346235832454248,0.9955081968701541,52.621364069252124,2134.959650329231,119587.00330991142
533,119702.50101031626,813.7952529275243,22.340349641804522,0.9955267045528557,52.60750314952128,2137.5846613183558,119702.50093049856
534,119914.52971655296,813.8234029000507,22.400254339591836,0.9950374646299112,52.74856793266237,2135.644319619752,119914.52962742682
535,119618.99396890104,813.787943094189,22.34981740881951,0.9953380127190463,52.629798037069854,2135.188550330048,119618.99388801912
536,119695.45624215646,813.8212506730582,22.368174732406757,0.9954395828677134,52.67302623062622,2134.799948506923,119695.45615790568
537,119631.14877498656,813.7983937304474,22.387319574442863,0.9954331285321072,52.7181088884118,2131.8283835024017,119631.14868857869
538,119643.92583895799,813.8082258086313,22.376917919397105,0.9953245090639804,52.69361486260855,2133.0471328671615,119643.92575380512
539,119576.63398407245,813.7952670219589,22.354304604344378,0.995210262919086,52.640364575037786,2134.0039821709506,119576.63390243913
540,119397.22961210232,813.7729568317002,22.355339850573642,0.9952710832441255,52.64280239361,2130.703598041848,119397.22953095399
541,119597.24669238816,813.7780598406432,22.375387456255236,0.9951746176464724,52.690010897323894,2132.360765527464,119597.24660819478
542,119575.46708810606,813.7799702680462,22.41660969580809,0.995150368552349,52.787081853324025,2128.051929686588,119575.46699785723
543,119411.42059861709,813.7849900653842,22.38354884342358,0.9953231834905603,52.709229495423166,2128.2712930297166,119411.42051322997
544,119293.99220876515,813.7998241284464,22.34880287151823,0.9952642449822099,52.62740898429637,2129.4839622307904,119293.99212797436
545,119065.42754375217,813.8115601219666,22.36527546012036,0.9955156461348216,52.66619896613021,2123.8385042909026,119065.42746057664
546,119114.95711095179,813.8316886995449,22.353035842380727,0.9952469811334139,52.63737686893341,2125.8854034343462,119114.95702898162
547,119239.47635933157,813.83287008399,22.37964295016499,0.9951412295099769,52.700031819684085,2125.577638508025,119239.47627349258
548,119095.60508875595,813.7810587251729,22.364110601050893,0.995258262024347,52.66345593264379,2124.4874489962576,119095.60500642269
549,118998.17671353152,813.8162117660393,22.360358283477556,0.9954526520856234,52.65461990000678,2123.1056935607253,118998.17663098146
550,119106.10554719543,813.8425952765407,22.359706847106384,0.9951637566570338,52.653085884581884,2125.0932170821857,119106.10546405395
551,119303.48241181439,813.8271141475072,22.405836323997224,0.9949567945597898,52.76171250143123,2124.23239396004,119303.48232221807
552,118920.00749450338,813.8127685784078,22.35897476880498,0.9952199478877845,52.6513619719232,2121.842323531022,118920.00741227818
553,118745.85212104388,813.7892391988515,22.386131859428726,0.9953838162492356,52.715312033288726,2116.1646563529825,118745.85203566316
554,118735.11178981149,813.8024682359973,22.38782248517991,0.9953099411245147,52.71929315269626,2115.813464775459,118735.11170388144
555,118625.40991268215,813.7994708706133,22.37470212178234,0.99528632595225,52.688397057969574,2115.098171432117,118625.409828772
556,118689.44502254519,813.812752017437,22.371448255920043,0.9953008521435821,52.68073478941319,2116.5477225795876,118689.44493873935
557,118600.08016446231,813.7494375516645,22.363057141831398,0.9953145136927486,52.660975225757106,2115.7476876494957,118600.08008333278
558,118846.17215915966,813.8314912680247,22.372921529809318,0.9950626880169979,52.68420408429947,2119.2030229482734,118846.17207459653
559,118998.54834428392,813.7851145410922,22.385947728016447,0.9951072658882273,52.71487843694817,2120.685387892454,118998.54825884574
560,118899.45433231589,813.8297777860131,22.384013970483913,0.9951015656018584,52.71032478594833,2119.1024769895034,118899.45424616533
561,118536.03424354733,813.812173598488,22.338877606555545,0.9953352022309667,52.604036771409994,2116.8939927843867,118536.03416433139
562,118446.95739679685,813.8258469064224,22.396435862498056,0.9953189530700811,52.73957610626044,2109.866926175231,118446.95730926348
563,118681.99949525988,813.8202775139221,22.41115531786996,0.9951691464474729,52.77423777482213,2112.6651816779577,118681.99940550371
564,118608.90703149796,813.7842212909036,22.379621759134785,0.9952527836096924,52.69998191862139,2114.339033802182,118608.9069472602
565,118670.34294922955,813.868248807999,22.395800833654445,0.9951307199902686,52.73808072761033,2113.9059765634006,118670.3428605898
566,118395.70435396454,813.8362281062837,22.38345089563683,0.99539144349507,52.70899884601156,2110.1774031595596,118395.70426810662
567,118381.51640834576,813.7890772861119,22.38002805583549,0.9949407814570168,52.70093867423643,2110.2472255842754,118381.5163240987
568,118565.61274978277,813.7883498390382,22.41674544357169,0.9952701393428359,52.78740151487881,2110.067049949737,118565.61266006825
569,118558.04433742938,813.7832966205631,22.40348097651467,0.9952290494879592,52.756166081966285,2111.18158903476,118558.04424981218
570,118277.18553577186,813.805805595662,22.38879998069763,0.9952367538566959,52.72159497873531,2107.5613770182013,118277.1854499534
571,118351.2122918452,813.8270910199855,22.367585798648367,0.9953611203868035,52.67163939760677,2110.880581615381,118351.212208488
572,118587.75453728641,813.8251260174567,22.41045249549917,0.9951515484196801,52.77258275461531,2111.053725144188,118587.75444758665
573,118430.69563600083,813.8207798624122,22.395735726989006,0.9951597994607905,52.73792741312949,2109.6432089800473,118430.69554870465
574,118248.16538133188,813.8347122651724,22.39665159142617,0.9952880151863138,52.74008410906466,2106.3056036721755,118248.16529369897
575,117994.00062107525,813.8420360268922,22.366086025756125,0.995238913172145,52.668107702337124,2104.6505690469126,117994.00053783433
576,118416.18536008219,813.8164094164475,22.427981473561665,0.9953379857345809,52.813860343525775,2106.351972854908,118416.18526807285
577,117683.68491560355,813.8353713722125,22.354413503362164,0.9953272348521819,52.640621012627754,2100.2115586353143,117683.68483434706
578,117918.96243862687,813.8283051454682,22.3540815377345,0.9951739300099931,52.63983929331347,2104.4416295264305,117918.96235741308
579,117886.09938796892,813.8043888384727,22.409006281242515,0.9955012512925929,52.76917718029433,2098.698564640618,117886.09929952412
580,118078.53044666347,813.8332961412681,22.39728053397881,0.9952728492813363,52.74156515559479,2103.224904084978,118078.53035909838
581,117916.54585392485,813.8261455912445,22.425938986129577,0.9954591540916886,52.80905065317897,2097.6555643498477,117916.54576236958
582,117920.65666990804,813.8009900440161,22.410771165060652,0.995243063684528,52.773333164086424,2099.1484555279562,117920.65658125911
583,117474.27880737103,813.8553286938424,22.333539853060596,0.9953433255678488,52.591467322484654,2098.433879459724,117474.27872862878
584,117909.75139591271,813.8222832744541,22.39826258869988,0.995244076464969,52.74387771773728,2100.126512811896,117909.75130859549
585,117799.78983155361,813.8174699262622,22.356542911809953,0.9954862463122978,52.64563538632466,2102.083357502648,117799.7897503298
586,117383.03228778974,813.8637928756874,22.350814175005368,0.9953400225233615,52.632145242064524,2095.183388607569,117383.03220659187
587,117302.07894107162,813.8263235938275,22.32409193452714,0.9954087231791479,52.569219174538254,2096.2446761923006,117302.07886431277
588,117542.92139808103,813.8274421417427,22.35176061546864,0.9953561901468373,52.63437393903886,2097.948430744395,117542.92131746154
589,117722.66787866679,813.8033428967678,22.40448197440116,0.995216761882596,52.758523251854434,2096.2122503933106,117722.66779103613
590,117597.20590035943,813.8229512255538,22.332027745875195,0.9953560570405754,52.587906582174234,2100.7719506971994,117597.20582244144
591,117851.32119383874,813.8561244996326,22.39068794097256,0.9951301147537341,52.72604078543493,2099.795903964063,117851.32110685392
592,117820.32716469334,813.8248026792692,22.425200709789024,0.9949955616581198,52.80731214525347,2096.0129010665983,117820.32707335934
593,117804.20809363131,813.7932126187669,22.410739045938463,0.9952657710518055,52.77325752933367,2097.078517643779,117804.20800526498
594,117655.15110880764,813.8305833928467,22.34373001551478,0.9952583483246454,52.61546332129389,2100.706294415967,117655.15102912678
595,117561.92032315438,813.8325298735364,22.368149543842808,0.9953180857097261,52.67296691609093,2096.750135283356,117561.92024014935
596,117371.04979710923,813.8135004582311,22.37891549326771,0.9952707408443903,52.69831878960048,2092.3388478434135,117371.04971317052
597,117249.78600861291,813.8203595865342,22.33807746802847,0.99522579506595,52.60215258916764,2093.9983341809234,117249.78593018385
598,117228.41313202506,813.8303740875613,22.354490737516397,0.9952380845846674,52.6408028851623,2092.0794399598667,117228.41305118475
599,117490.63640906748,813.8240550463216,22.38840273648093,0.995191637024292,52.720659540091056,2093.58313616867,117490.63632344459
